job_title_short,skill,demand_count
Business Analyst,sql,17331
Business Analyst,excel,17094
Business Analyst,tableau,9308
Business Analyst,power bi,9225
Business Analyst,python,8081
Business Analyst,powerpoint,4580
Business Analyst,r,4025
Business Analyst,word,3665
Business Analyst,sap,3638
Business Analyst,azure,2533
Business Analyst,flow,2398
Business Analyst,oracle,2325
Business Analyst,go,1905
Business Analyst,sql server,1837
Business Analyst,aws,1820
Business Analyst,sas,1798
Business Analyst,jira,1722
Business Analyst,vba,1439
Business Analyst,dax,1188
Business Analyst,snowflake,1186
Business Analyst,outlook,1154
Business Analyst,qlik,1145
Business Analyst,looker,1129
Business Analyst,java,1121
Business Analyst,alteryx,1078
Business Analyst,sharepoint,963
Business Analyst,ssis,918
Business Analyst,visio,861
Business Analyst,ssrs,812
Business Analyst,sheets,775
Business Analyst,javascript,771
Business Analyst,spark,743
Business Analyst,confluence,726
Business Analyst,c,627
Business Analyst,hadoop,626
Business Analyst,redshift,622
Business Analyst,linux,606
Business Analyst,express,590
Business Analyst,gcp,579
Business Analyst,windows,576
Business Analyst,mysql,539
Business Analyst,databricks,528
Business Analyst,cognos,521
Business Analyst,git,519
Business Analyst,microstrategy,517
Business Analyst,bigquery,509
Business Analyst,spss,504
Business Analyst,spreadsheet,443
Business Analyst,t-sql,396
Business Analyst,html,374
Business Analyst,gdpr,342
Business Analyst,nosql,341
Business Analyst,c#,328
Business Analyst,kubernetes,325
Business Analyst,postgresql,320
Business Analyst,airflow,318
Business Analyst,docker,308
Business Analyst,shell,292
Business Analyst,selenium,280
Business Analyst,jenkins,263
Business Analyst,pandas,259
Business Analyst,ms access,258
Business Analyst,github,249
Business Analyst,css,240
Business Analyst,scala,234
Business Analyst,c++,221
Business Analyst,kafka,220
Business Analyst,matlab,215
Business Analyst,react,210
Business Analyst,visual basic,193
Business Analyst,crystal,185
Business Analyst,unix,181
Business Analyst,pyspark,177
Business Analyst,terraform,177
Business Analyst,mongodb,176
Business Analyst,splunk,170
Business Analyst,swift,165
Business Analyst,powershell,162
Business Analyst,php,160
Business Analyst,assembly,154
Business Analyst,db2,151
Business Analyst,bash,148
Business Analyst,terminal,143
Business Analyst,numpy,142
Business Analyst,phoenix,134
Business Analyst,gitlab,133
Business Analyst,zoom,127
Business Analyst,spring,125
Business Analyst,slack,124
Business Analyst,planner,121
Business Analyst,ansible,120
Business Analyst,atlassian,117
Business Analyst,chef,116
Business Analyst,perl,104
Business Analyst,vmware,104
Business Analyst,ruby,102
Business Analyst,jupyter,98
Business Analyst,notion,95
Business Analyst,scikit-learn,95
Business Analyst,vue,93
Business Analyst,tensorflow,90
Business Analyst,matplotlib,88
Business Analyst,angular,87
Business Analyst,smartsheet,84
Business Analyst,bitbucket,81
Business Analyst,unity,81
Business Analyst,watson,79
Business Analyst,wire,76
Business Analyst,typescript,75
Business Analyst,cassandra,74
Business Analyst,asana,71
Business Analyst,elasticsearch,71
Business Analyst,pytorch,66
Business Analyst,trello,65
Business Analyst,unify,60
Business Analyst,microsoft teams,53
Business Analyst,redis,52
Business Analyst,vb.net,44
Business Analyst,firebase,43
Business Analyst,rust,42
Business Analyst,dynamodb,41
Business Analyst,mongo,41
Business Analyst,keras,40
Business Analyst,django,39
Business Analyst,asp.net,38
Business Analyst,golang,38
Business Analyst,node,38
Business Analyst,macos,36
Business Analyst,jquery,35
Business Analyst,node.js,34
Business Analyst,seaborn,34
Business Analyst,julia,32
Business Analyst,ubuntu,32
Business Analyst,graphql,30
Business Analyst,mariadb,29
Business Analyst,aurora,26
Business Analyst,openstack,26
Business Analyst,flutter,25
Business Analyst,npm,25
Business Analyst,monday.com,24
Business Analyst,clickup,23
Business Analyst,plotly,23
Business Analyst,puppet,23
Business Analyst,svn,23
Business Analyst,cobol,22
Business Analyst,colocation,22
Business Analyst,kotlin,22
Business Analyst,flask,21
Business Analyst,ibm cloud,21
Business Analyst,neo4j,20
Business Analyst,groovy,19
Business Analyst,no-sql,19
Business Analyst,yarn,18
Business Analyst,airtable,17
Business Analyst,drupal,17
Business Analyst,webex,17
Business Analyst,arch,16
Business Analyst,redhat,16
Business Analyst,fastapi,14
Business Analyst,workfront,13
Business Analyst,powerbi,12
Business Analyst,symphony,12
Business Analyst,solidity,11
Business Analyst,dart,10
Business Analyst,electron,10
Business Analyst,mlr,10
Business Analyst,react.js,10
Business Analyst,sass,10
Business Analyst,dplyr,9
Business Analyst,heroku,8
Business Analyst,nltk,8
Business Analyst,twilio,8
Business Analyst,datarobot,7
Business Analyst,objective-c,7
Business Analyst,ringcentral,7
Business Analyst,couchbase,6
Business Analyst,delphi,6
Business Analyst,ruby on rails,6
Business Analyst,unreal,6
Business Analyst,centos,5
Business Analyst,debian,5
Business Analyst,elixir,5
Business Analyst,hugging face,5
Business Analyst,laravel,5
Business Analyst,lua,5
Business Analyst,opencv,5
Business Analyst,pulumi,5
Business Analyst,rshiny,5
Business Analyst,vue.js,5
Business Analyst,ggplot2,4
Business Analyst,mxnet,4
Business Analyst,sqlite,4
Business Analyst,suse,4
Business Analyst,theano,4
Business Analyst,wrike,4
Business Analyst,apl,3
Business Analyst,asp.net core,3
Business Analyst,firestore,3
Business Analyst,fortran,3
Business Analyst,mattermost,3
Business Analyst,next.js,3
Business Analyst,ocaml,3
Business Analyst,symfony,3
Business Analyst,tidyverse,3
Business Analyst,clojure,2
Business Analyst,cordova,2
Business Analyst,couchdb,2
Business Analyst,google chat,2
Business Analyst,haskell,2
Business Analyst,lisp,2
Business Analyst,pascal,2
Business Analyst,play framework,2
Business Analyst,sqlserver,2
Business Analyst,svelte,2
Business Analyst,capacitor,1
Business Analyst,chainer,1
Business Analyst,codecommit,1
Business Analyst,digitalocean,1
Business Analyst,f#,1
Business Analyst,ionic,1
Business Analyst,kali,1
Business Analyst,shogun,1
Business Analyst,tidyr,1
Cloud Engineer,python,3111
Cloud Engineer,aws,3070
Cloud Engineer,azure,2938
Cloud Engineer,sql,2224
Cloud Engineer,linux,1636
Cloud Engineer,terraform,1606
Cloud Engineer,kubernetes,1552
Cloud Engineer,java,1213
Cloud Engineer,gcp,1197
Cloud Engineer,docker,1150
Cloud Engineer,windows,1103
Cloud Engineer,go,870
Cloud Engineer,ansible,812
Cloud Engineer,excel,764
Cloud Engineer,git,753
Cloud Engineer,javascript,743
Cloud Engineer,jenkins,708
Cloud Engineer,powershell,653
Cloud Engineer,spark,647
Cloud Engineer,bash,601
Cloud Engineer,vmware,537
Cloud Engineer,kafka,533
Cloud Engineer,oracle,462
Cloud Engineer,github,454
Cloud Engineer,databricks,434
Cloud Engineer,tableau,411
Cloud Engineer,flow,402
Cloud Engineer,shell,402
Cloud Engineer,snowflake,384
Cloud Engineer,power bi,383
Cloud Engineer,nosql,378
Cloud Engineer,jira,375
Cloud Engineer,r,359
Cloud Engineer,c#,350
Cloud Engineer,word,335
Cloud Engineer,scala,332
Cloud Engineer,sql server,325
Cloud Engineer,hadoop,318
Cloud Engineer,c++,315
Cloud Engineer,mysql,313
Cloud Engineer,c,294
Cloud Engineer,html,286
Cloud Engineer,redshift,279
Cloud Engineer,bigquery,275
Cloud Engineer,gitlab,272
Cloud Engineer,mongodb,262
Cloud Engineer,postgresql,262
Cloud Engineer,airflow,260
Cloud Engineer,sap,259
Cloud Engineer,react,257
Cloud Engineer,ruby,252
Cloud Engineer,unix,252
Cloud Engineer,typescript,227
Cloud Engineer,css,216
Cloud Engineer,puppet,211
Cloud Engineer,chef,210
Cloud Engineer,splunk,195
Cloud Engineer,perl,189
Cloud Engineer,looker,175
Cloud Engineer,golang,171
Cloud Engineer,elasticsearch,170
Cloud Engineer,powerpoint,170
Cloud Engineer,confluence,164
Cloud Engineer,gdpr,158
Cloud Engineer,ubuntu,154
Cloud Engineer,pyspark,148
Cloud Engineer,dynamodb,147
Cloud Engineer,openstack,147
Cloud Engineer,sharepoint,145
Cloud Engineer,angular,138
Cloud Engineer,php,136
Cloud Engineer,express,126
Cloud Engineer,node.js,125
Cloud Engineer,redis,125
Cloud Engineer,spring,121
Cloud Engineer,bitbucket,120
Cloud Engineer,outlook,118
Cloud Engineer,cassandra,106
Cloud Engineer,redhat,103
Cloud Engineer,node,98
Cloud Engineer,pandas,95
Cloud Engineer,tensorflow,94
Cloud Engineer,selenium,91
Cloud Engineer,assembly,90
Cloud Engineer,sas,89
Cloud Engineer,atlassian,81
Cloud Engineer,sheets,72
Cloud Engineer,groovy,66
Cloud Engineer,graphql,65
Cloud Engineer,kotlin,63
Cloud Engineer,visio,62
Cloud Engineer,matlab,60
Cloud Engineer,swift,60
Cloud Engineer,centos,59
Cloud Engineer,pytorch,59
Cloud Engineer,unity,59
Cloud Engineer,qlik,58
Cloud Engineer,slack,54
Cloud Engineer,macos,53
Cloud Engineer,firebase,52
Cloud Engineer,numpy,49
Cloud Engineer,ssis,49
Cloud Engineer,zoom,49
Cloud Engineer,aurora,48
Cloud Engineer,mongo,48
Cloud Engineer,jupyter,46
Cloud Engineer,notion,44
Cloud Engineer,rust,44
Cloud Engineer,t-sql,44
Cloud Engineer,django,43
Cloud Engineer,colocation,42
Cloud Engineer,vue,42
Cloud Engineer,pulumi,38
Cloud Engineer,jquery,37
Cloud Engineer,suse,36
Cloud Engineer,vba,36
Cloud Engineer,db2,33
Cloud Engineer,terminal,33
Cloud Engineer,neo4j,30
Cloud Engineer,ssrs,30
Cloud Engineer,alteryx,28
Cloud Engineer,ruby on rails,28
Cloud Engineer,scikit-learn,28
Cloud Engineer,svn,28
Cloud Engineer,mariadb,27
Cloud Engineer,no-sql,25
Cloud Engineer,unify,25
Cloud Engineer,debian,24
Cloud Engineer,microstrategy,24
Cloud Engineer,vue.js,24
Cloud Engineer,yarn,23
Cloud Engineer,flask,22
Cloud Engineer,dax,21
Cloud Engineer,spreadsheet,20
Cloud Engineer,asp.net,19
Cloud Engineer,codecommit,19
Cloud Engineer,flutter,19
Cloud Engineer,microsoft teams,19
Cloud Engineer,fastapi,18
Cloud Engineer,ibm cloud,18
Cloud Engineer,keras,18
Cloud Engineer,watson,18
Cloud Engineer,planner,16
Cloud Engineer,solidity,16
Cloud Engineer,wire,16
Cloud Engineer,cognos,15
Cloud Engineer,react.js,15
Cloud Engineer,spss,15
Cloud Engineer,crystal,14
Cloud Engineer,drupal,14
Cloud Engineer,unreal,14
Cloud Engineer,visual basic,14
Cloud Engineer,npm,13
Cloud Engineer,phoenix,13
Cloud Engineer,julia,12
Cloud Engineer,webex,11
Cloud Engineer,couchbase,10
Cloud Engineer,objective-c,10
Cloud Engineer,cobol,9
Cloud Engineer,elixir,9
Cloud Engineer,firestore,9
Cloud Engineer,laravel,9
Cloud Engineer,lua,9
Cloud Engineer,ms access,9
Cloud Engineer,sass,7
Cloud Engineer,angular.js,6
Cloud Engineer,couchdb,6
Cloud Engineer,electron,6
Cloud Engineer,xamarin,6
Cloud Engineer,heroku,5
Cloud Engineer,mxnet,5
Cloud Engineer,plotly,5
Cloud Engineer,trello,5
Cloud Engineer,blazor,4
Cloud Engineer,fedora,4
Cloud Engineer,matplotlib,4
Cloud Engineer,arch,3
Cloud Engineer,asana,3
Cloud Engineer,asp.net core,3
Cloud Engineer,capacitor,3
Cloud Engineer,dart,3
Cloud Engineer,digitalocean,3
Cloud Engineer,erlang,3
Cloud Engineer,hugging face,3
Cloud Engineer,ionic,3
Cloud Engineer,lisp,3
Cloud Engineer,next.js,3
Cloud Engineer,nltk,3
Cloud Engineer,opencv,3
Cloud Engineer,smartsheet,3
Cloud Engineer,symfony,3
Cloud Engineer,symphony,3
Cloud Engineer,airtable,2
Cloud Engineer,apl,2
Cloud Engineer,cordova,2
Cloud Engineer,fortran,2
Cloud Engineer,kali,2
Cloud Engineer,nuix,2
Cloud Engineer,ovh,2
Cloud Engineer,pascal,2
Cloud Engineer,seaborn,2
Cloud Engineer,twilio,2
Cloud Engineer,vb.net,2
Cloud Engineer,workfront,2
Cloud Engineer,datarobot,1
Cloud Engineer,delphi,1
Cloud Engineer,f#,1
Cloud Engineer,gatsby,1
Cloud Engineer,haskell,1
Cloud Engineer,mlr,1
Cloud Engineer,svelte,1
Cloud Engineer,theano,1
Cloud Engineer,wrike,1
Data Analyst,sql,92326
Data Analyst,excel,66790
Data Analyst,python,57128
Data Analyst,tableau,46402
Data Analyst,power bi,39326
Data Analyst,r,29956
Data Analyst,sas,13977
Data Analyst,powerpoint,13806
Data Analyst,word,13551
Data Analyst,sap,11271
Data Analyst,azure,10904
Data Analyst,oracle,10375
Data Analyst,aws,9037
Data Analyst,sql server,8278
Data Analyst,go,7900
Data Analyst,flow,7254
Data Analyst,vba,6837
Data Analyst,looker,6257
Data Analyst,snowflake,6170
Data Analyst,qlik,5674
Data Analyst,java,5232
Data Analyst,spark,5024
Data Analyst,jira,4740
Data Analyst,spss,4701
Data Analyst,javascript,4600
Data Analyst,alteryx,4566
Data Analyst,hadoop,4179
Data Analyst,sharepoint,4080
Data Analyst,outlook,4020
Data Analyst,bigquery,3423
Data Analyst,dax,3405
Data Analyst,gcp,3384
Data Analyst,mysql,3178
Data Analyst,databricks,3151
Data Analyst,sheets,3128
Data Analyst,ssis,3026
Data Analyst,c,3000
Data Analyst,git,2922
Data Analyst,pandas,2857
Data Analyst,ssrs,2712
Data Analyst,nosql,2425
Data Analyst,visio,2267
Data Analyst,redshift,2202
Data Analyst,cognos,2139
Data Analyst,spreadsheet,2136
Data Analyst,windows,2020
Data Analyst,matlab,2012
Data Analyst,gdpr,2002
Data Analyst,airflow,1999
Data Analyst,postgresql,1930
Data Analyst,confluence,1920
Data Analyst,scala,1854
Data Analyst,linux,1823
Data Analyst,express,1795
Data Analyst,c++,1794
Data Analyst,html,1793
Data Analyst,ms access,1715
Data Analyst,c#,1646
Data Analyst,microstrategy,1619
Data Analyst,pyspark,1597
Data Analyst,numpy,1531
Data Analyst,t-sql,1425
Data Analyst,github,1384
Data Analyst,kafka,1200
Data Analyst,shell,1198
Data Analyst,crystal,1182
Data Analyst,unix,1168
Data Analyst,visual basic,1079
Data Analyst,mongodb,1051
Data Analyst,css,1041
Data Analyst,db2,1007
Data Analyst,docker,1000
Data Analyst,matplotlib,942
Data Analyst,jupyter,937
Data Analyst,php,887
Data Analyst,vue,886
Data Analyst,react,788
Data Analyst,tensorflow,769
Data Analyst,spring,730
Data Analyst,splunk,728
Data Analyst,jenkins,726
Data Analyst,chef,725
Data Analyst,scikit-learn,712
Data Analyst,powershell,682
Data Analyst,kubernetes,633
Data Analyst,perl,577
Data Analyst,terminal,572
Data Analyst,assembly,545
Data Analyst,bash,536
Data Analyst,gitlab,511
Data Analyst,pytorch,485
Data Analyst,zoom,465
Data Analyst,plotly,464
Data Analyst,slack,434
Data Analyst,firebase,413
Data Analyst,seaborn,404
Data Analyst,elasticsearch,402
Data Analyst,planner,402
Data Analyst,notion,380
Data Analyst,angular,376
Data Analyst,smartsheet,366
Data Analyst,bitbucket,338
Data Analyst,atlassian,336
Data Analyst,swift,326
Data Analyst,cassandra,319
Data Analyst,phoenix,315
Data Analyst,microsoft teams,311
Data Analyst,ruby,305
Data Analyst,mongo,284
Data Analyst,unity,277
Data Analyst,terraform,269
Data Analyst,flask,235
Data Analyst,neo4j,232
Data Analyst,julia,223
Data Analyst,django,216
Data Analyst,jquery,209
Data Analyst,keras,209
Data Analyst,dynamodb,208
Data Analyst,unify,206
Data Analyst,ansible,186
Data Analyst,aurora,183
Data Analyst,vmware,183
Data Analyst,asp.net,181
Data Analyst,no-sql,178
Data Analyst,asana,176
Data Analyst,macos,176
Data Analyst,selenium,157
Data Analyst,ibm cloud,156
Data Analyst,watson,139
Data Analyst,typescript,130
Data Analyst,vb.net,130
Data Analyst,ggplot2,128
Data Analyst,node.js,128
Data Analyst,node,125
Data Analyst,redis,117
Data Analyst,mariadb,116
Data Analyst,trello,110
Data Analyst,rshiny,108
Data Analyst,wire,101
Data Analyst,dplyr,94
Data Analyst,webex,94
Data Analyst,cobol,93
Data Analyst,airtable,88
Data Analyst,graphql,83
Data Analyst,golang,79
Data Analyst,tidyverse,79
Data Analyst,yarn,76
Data Analyst,groovy,71
Data Analyst,rust,67
Data Analyst,dart,65
Data Analyst,kotlin,64
Data Analyst,arch,63
Data Analyst,flutter,63
Data Analyst,monday.com,61
Data Analyst,powerbi,60
Data Analyst,svn,57
Data Analyst,symphony,55
Data Analyst,sqlite,54
Data Analyst,apl,53
Data Analyst,solidity,49
Data Analyst,opencv,46
Data Analyst,redhat,43
Data Analyst,drupal,42
Data Analyst,datarobot,41
Data Analyst,puppet,40
Data Analyst,sass,39
Data Analyst,wrike,39
Data Analyst,fastapi,35
Data Analyst,fortran,35
Data Analyst,nltk,33
Data Analyst,electron,32
Data Analyst,workfront,31
Data Analyst,twilio,30
Data Analyst,cordova,29
Data Analyst,ubuntu,29
Data Analyst,laravel,26
Data Analyst,openstack,25
Data Analyst,ruby on rails,25
Data Analyst,google chat,24
Data Analyst,npm,24
Data Analyst,ringcentral,24
Data Analyst,vue.js,24
Data Analyst,elixir,23
Data Analyst,unreal,23
Data Analyst,symfony,22
Data Analyst,centos,21
Data Analyst,clickup,21
Data Analyst,couchbase,21
Data Analyst,mxnet,20
Data Analyst,delphi,17
Data Analyst,lua,17
Data Analyst,digitalocean,16
Data Analyst,tidyr,16
Data Analyst,wsl,16
Data Analyst,erlang,14
Data Analyst,colocation,13
Data Analyst,firestore,13
Data Analyst,heroku,13
Data Analyst,mlr,13
Data Analyst,nuix,13
Data Analyst,svelte,13
Data Analyst,ionic,12
Data Analyst,react.js,12
Data Analyst,asp.net core,11
Data Analyst,hugging face,11
Data Analyst,objective-c,11
Data Analyst,clojure,10
Data Analyst,play framework,10
Data Analyst,debian,8
Data Analyst,lisp,8
Data Analyst,microsoft lists,8
Data Analyst,pascal,8
Data Analyst,qt,8
Data Analyst,sqlserver,8
Data Analyst,theano,8
Data Analyst,codecommit,6
Data Analyst,blazor,5
Data Analyst,couchdb,4
Data Analyst,f#,4
Data Analyst,haskell,4
Data Analyst,kali,4
Data Analyst,next.js,4
Data Analyst,pulumi,3
Data Analyst,shogun,3
Data Analyst,angular.js,2
Data Analyst,mattermost,2
Data Analyst,xamarin,2
Data Analyst,capacitor,1
Data Analyst,chainer,1
Data Analyst,esquisse,1
Data Analyst,gtx,1
Data Analyst,msaccess,1
Data Analyst,nuxt.js,1
Data Analyst,ovh,1
Data Analyst,suse,1
Data Engineer,sql,112984
Data Engineer,python,107879
Data Engineer,aws,61980
Data Engineer,azure,60615
Data Engineer,spark,53594
Data Engineer,java,35509
Data Engineer,kafka,29047
Data Engineer,hadoop,28790
Data Engineer,scala,28679
Data Engineer,databricks,27446
Data Engineer,snowflake,26591
Data Engineer,airflow,25464
Data Engineer,gcp,22192
Data Engineer,nosql,21945
Data Engineer,git,19232
Data Engineer,power bi,18816
Data Engineer,tableau,18754
Data Engineer,redshift,17984
Data Engineer,sql server,16899
Data Engineer,oracle,16088
Data Engineer,pyspark,16041
Data Engineer,docker,15716
Data Engineer,kubernetes,14827
Data Engineer,r,12643
Data Engineer,linux,11013
Data Engineer,bigquery,10362
Data Engineer,mysql,10037
Data Engineer,terraform,9962
Data Engineer,ssis,9949
Data Engineer,flow,9699
Data Engineer,postgresql,9495
Data Engineer,jenkins,9482
Data Engineer,shell,9366
Data Engineer,go,8997
Data Engineer,excel,8500
Data Engineer,mongodb,8282
Data Engineer,jira,7232
Data Engineer,github,6989
Data Engineer,cassandra,6662
Data Engineer,c#,6291
Data Engineer,pandas,6242
Data Engineer,javascript,5887
Data Engineer,sap,5665
Data Engineer,unix,5477
Data Engineer,c++,4357
Data Engineer,t-sql,4335
Data Engineer,elasticsearch,4256
Data Engineer,looker,4161
Data Engineer,gitlab,4062
Data Engineer,bash,4022
Data Engineer,sas,3739
Data Engineer,dynamodb,3708
Data Engineer,qlik,3579
Data Engineer,confluence,3575
Data Engineer,ansible,3380
Data Engineer,word,3334
Data Engineer,windows,3325
Data Engineer,ssrs,3308
Data Engineer,powershell,3248
Data Engineer,c,2897
Data Engineer,numpy,2760
Data Engineer,alteryx,2293
Data Engineer,tensorflow,2286
Data Engineer,dax,2213
Data Engineer,redis,2209
Data Engineer,bitbucket,2129
Data Engineer,react,1993
Data Engineer,gdpr,1967
Data Engineer,spring,1945
Data Engineer,mongo,1932
Data Engineer,db2,1893
Data Engineer,jupyter,1874
Data Engineer,pytorch,1790
Data Engineer,aurora,1648
Data Engineer,scikit-learn,1632
Data Engineer,splunk,1592
Data Engineer,express,1522
Data Engineer,angular,1446
Data Engineer,flask,1444
Data Engineer,neo4j,1428
Data Engineer,html,1406
Data Engineer,no-sql,1342
Data Engineer,cognos,1304
Data Engineer,microstrategy,1295
Data Engineer,golang,1280
Data Engineer,ruby,1271
Data Engineer,yarn,1262
Data Engineer,perl,1258
Data Engineer,powerpoint,1247
Data Engineer,typescript,1174
Data Engineer,chef,1168
Data Engineer,django,1156
Data Engineer,php,1137
Data Engineer,graphql,1035
Data Engineer,sharepoint,1035
Data Engineer,css,1007
Data Engineer,node.js,906
Data Engineer,matlab,873
Data Engineer,vba,871
Data Engineer,ibm cloud,817
Data Engineer,outlook,803
Data Engineer,visio,758
Data Engineer,keras,746
Data Engineer,vmware,726
Data Engineer,selenium,702
Data Engineer,kotlin,698
Data Engineer,fastapi,677
Data Engineer,vue,651
Data Engineer,node,643
Data Engineer,matplotlib,627
Data Engineer,atlassian,609
Data Engineer,puppet,597
Data Engineer,rust,561
Data Engineer,unity,555
Data Engineer,slack,547
Data Engineer,mariadb,496
Data Engineer,phoenix,476
Data Engineer,svn,442
Data Engineer,notion,432
Data Engineer,groovy,411
Data Engineer,spss,398
Data Engineer,unify,391
Data Engineer,couchbase,390
Data Engineer,plotly,364
Data Engineer,sheets,343
Data Engineer,zoom,329
Data Engineer,assembly,322
Data Engineer,julia,322
Data Engineer,crystal,316
Data Engineer,redhat,312
Data Engineer,swift,287
Data Engineer,ubuntu,282
Data Engineer,jquery,271
Data Engineer,terminal,261
Data Engineer,asp.net,255
Data Engineer,seaborn,245
Data Engineer,centos,241
Data Engineer,visual basic,218
Data Engineer,colocation,214
Data Engineer,firebase,201
Data Engineer,vue.js,182
Data Engineer,firestore,175
Data Engineer,openstack,173
Data Engineer,react.js,173
Data Engineer,spreadsheet,170
Data Engineer,pulumi,159
Data Engineer,watson,159
Data Engineer,macos,155
Data Engineer,planner,146
Data Engineer,ms access,141
Data Engineer,trello,135
Data Engineer,ruby on rails,127
Data Engineer,solidity,124
Data Engineer,datarobot,119
Data Engineer,couchdb,112
Data Engineer,microsoft teams,110
Data Engineer,codecommit,109
Data Engineer,nltk,108
Data Engineer,opencv,108
Data Engineer,clojure,107
Data Engineer,cobol,107
Data Engineer,vb.net,99
Data Engineer,haskell,98
Data Engineer,flutter,95
Data Engineer,wire,90
Data Engineer,f#,84
Data Engineer,rshiny,84
Data Engineer,asana,82
Data Engineer,sqlite,82
Data Engineer,elixir,81
Data Engineer,laravel,78
Data Engineer,debian,71
Data Engineer,sass,70
Data Engineer,airtable,68
Data Engineer,ggplot2,64
Data Engineer,dplyr,62
Data Engineer,npm,62
Data Engineer,smartsheet,60
Data Engineer,ovh,56
Data Engineer,symphony,55
Data Engineer,twilio,53
Data Engineer,webex,49
Data Engineer,heroku,48
Data Engineer,mxnet,48
Data Engineer,arch,47
Data Engineer,theano,47
Data Engineer,symfony,46
Data Engineer,angular.js,45
Data Engineer,unreal,45
Data Engineer,dart,44
Data Engineer,lua,43
Data Engineer,clickup,40
Data Engineer,ionic,39
Data Engineer,drupal,37
Data Engineer,next.js,36
Data Engineer,erlang,33
Data Engineer,fortran,32
Data Engineer,powerbi,31
Data Engineer,hugging face,30
Data Engineer,objective-c,28
Data Engineer,pascal,28
Data Engineer,digitalocean,27
Data Engineer,asp.net core,25
Data Engineer,electron,25
Data Engineer,cordova,23
Data Engineer,monday.com,23
Data Engineer,suse,22
Data Engineer,svelte,19
Data Engineer,gatsby,18
Data Engineer,apl,17
Data Engineer,blazor,17
Data Engineer,ringcentral,17
Data Engineer,tidyverse,17
Data Engineer,qt,16
Data Engineer,wsl,16
Data Engineer,mlpack,15
Data Engineer,delphi,14
Data Engineer,play framework,12
Data Engineer,fedora,11
Data Engineer,google chat,11
Data Engineer,lisp,11
Data Engineer,xamarin,10
Data Engineer,sqlserver,6
Data Engineer,wrike,6
Data Engineer,kali,5
Data Engineer,nuix,5
Data Engineer,ocaml,5
Data Engineer,fastify,4
Data Engineer,mattermost,4
Data Engineer,mlr,4
Data Engineer,shogun,4
Data Engineer,workfront,4
Data Engineer,dlib,3
Data Engineer,ember.js,3
Data Engineer,homebrew,3
Data Engineer,asp.netcore,2
Data Engineer,chainer,1
Data Engineer,dingtalk,1
Data Engineer,linode,1
Data Scientist,python,113598
Data Scientist,sql,78901
Data Scientist,r,59500
Data Scientist,tableau,29419
Data Scientist,aws,26233
Data Scientist,spark,24261
Data Scientist,azure,21643
Data Scientist,tensorflow,19139
Data Scientist,excel,17531
Data Scientist,java,16228
Data Scientist,power bi,15710
Data Scientist,hadoop,15521
Data Scientist,pytorch,15025
Data Scientist,pandas,14823
Data Scientist,sas,14747
Data Scientist,git,12229
Data Scientist,scikit-learn,11605
Data Scientist,numpy,10782
Data Scientist,scala,10379
Data Scientist,gcp,8708
Data Scientist,databricks,8544
Data Scientist,c++,8061
Data Scientist,docker,7735
Data Scientist,go,7619
Data Scientist,keras,7551
Data Scientist,nosql,7448
Data Scientist,pyspark,6845
Data Scientist,matlab,6743
Data Scientist,snowflake,5755
Data Scientist,oracle,5716
Data Scientist,matplotlib,5301
Data Scientist,word,5203
Data Scientist,javascript,5140
Data Scientist,linux,5085
Data Scientist,powerpoint,4844
Data Scientist,c,4725
Data Scientist,kubernetes,4647
Data Scientist,flow,4603
Data Scientist,github,4522
Data Scientist,jupyter,4168
Data Scientist,sql server,4076
Data Scientist,mysql,3936
Data Scientist,airflow,3909
Data Scientist,qlik,3701
Data Scientist,sap,3604
Data Scientist,kafka,3571
Data Scientist,jira,3439
Data Scientist,spss,3334
Data Scientist,bigquery,3188
Data Scientist,mongodb,3119
Data Scientist,looker,3002
Data Scientist,redshift,2853
Data Scientist,postgresql,2603
Data Scientist,c#,2565
Data Scientist,plotly,2454
Data Scientist,jenkins,2327
Data Scientist,seaborn,2318
Data Scientist,alteryx,2067
Data Scientist,vba,2045
Data Scientist,shell,1942
Data Scientist,windows,1874
Data Scientist,elasticsearch,1691
Data Scientist,nltk,1665
Data Scientist,unix,1665
Data Scientist,confluence,1626
Data Scientist,cassandra,1595
Data Scientist,outlook,1514
Data Scientist,bash,1508
Data Scientist,gitlab,1455
Data Scientist,julia,1438
Data Scientist,flask,1429
Data Scientist,express,1427
Data Scientist,spring,1417
Data Scientist,html,1402
Data Scientist,perl,1328
Data Scientist,opencv,1227
Data Scientist,react,1217
Data Scientist,neo4j,1166
Data Scientist,sharepoint,1153
Data Scientist,gdpr,1026
Data Scientist,django,1010
Data Scientist,ssis,990
Data Scientist,splunk,978
Data Scientist,css,945
Data Scientist,bitbucket,913
Data Scientist,dax,877
Data Scientist,ggplot2,861
Data Scientist,terraform,828
Data Scientist,microstrategy,817
Data Scientist,angular,736
Data Scientist,ruby,705
Data Scientist,php,698
Data Scientist,ssrs,670
Data Scientist,mxnet,668
Data Scientist,tidyverse,642
Data Scientist,t-sql,595
Data Scientist,chef,567
Data Scientist,sheets,557
Data Scientist,theano,556
Data Scientist,visio,542
Data Scientist,vue,532
Data Scientist,fastapi,531
Data Scientist,hugging face,524
Data Scientist,dynamodb,516
Data Scientist,phoenix,516
Data Scientist,mongo,511
Data Scientist,cognos,510
Data Scientist,redis,508
Data Scientist,spreadsheet,503
Data Scientist,no-sql,464
Data Scientist,rshiny,453
Data Scientist,ansible,448
Data Scientist,ibm cloud,442
Data Scientist,db2,438
Data Scientist,datarobot,416
Data Scientist,notion,415
Data Scientist,powershell,411
Data Scientist,atlassian,408
Data Scientist,slack,405
Data Scientist,crystal,403
Data Scientist,golang,401
Data Scientist,dplyr,376
Data Scientist,visual basic,372
Data Scientist,zoom,361
Data Scientist,watson,359
Data Scientist,node.js,344
Data Scientist,aurora,339
Data Scientist,terminal,325
Data Scientist,assembly,316
Data Scientist,typescript,306
Data Scientist,jquery,304
Data Scientist,swift,303
Data Scientist,rust,297
Data Scientist,ms access,295
Data Scientist,yarn,249
Data Scientist,selenium,246
Data Scientist,node,232
Data Scientist,svn,232
Data Scientist,unity,225
Data Scientist,kotlin,197
Data Scientist,planner,189
Data Scientist,unify,189
Data Scientist,digitalocean,184
Data Scientist,graphql,169
Data Scientist,mariadb,146
Data Scientist,fortran,143
Data Scientist,asp.net,140
Data Scientist,ubuntu,135
Data Scientist,vmware,128
Data Scientist,trello,127
Data Scientist,solidity,124
Data Scientist,firebase,109
Data Scientist,microsoft teams,103
Data Scientist,apl,101
Data Scientist,centos,100
Data Scientist,asana,98
Data Scientist,sqlite,93
Data Scientist,macos,92
Data Scientist,puppet,92
Data Scientist,symphony,85
Data Scientist,redhat,84
Data Scientist,electron,82
Data Scientist,arch,75
Data Scientist,flutter,69
Data Scientist,mlr,66
Data Scientist,airtable,65
Data Scientist,unreal,60
Data Scientist,vb.net,58
Data Scientist,groovy,57
Data Scientist,wire,57
Data Scientist,react.js,56
Data Scientist,smartsheet,56
Data Scientist,dart,54
Data Scientist,vue.js,54
Data Scientist,openstack,51
Data Scientist,elixir,49
Data Scientist,couchbase,48
Data Scientist,npm,47
Data Scientist,ruby on rails,47
Data Scientist,clojure,42
Data Scientist,codecommit,40
Data Scientist,firestore,39
Data Scientist,lua,36
Data Scientist,monday.com,35
Data Scientist,powerbi,35
Data Scientist,lisp,34
Data Scientist,tidyr,33
Data Scientist,cordova,32
Data Scientist,wsl,31
Data Scientist,twilio,30
Data Scientist,webex,30
Data Scientist,haskell,29
Data Scientist,laravel,29
Data Scientist,qt,29
Data Scientist,drupal,25
Data Scientist,heroku,22
Data Scientist,ringcentral,22
Data Scientist,colocation,21
Data Scientist,pascal,21
Data Scientist,pulumi,19
Data Scientist,sass,18
Data Scientist,debian,16
Data Scientist,dlib,16
Data Scientist,cobol,15
Data Scientist,ovh,15
Data Scientist,next.js,14
Data Scientist,angular.js,12
Data Scientist,couchdb,11
Data Scientist,delphi,11
Data Scientist,erlang,11
Data Scientist,asp.net core,10
Data Scientist,blazor,10
Data Scientist,fedora,9
Data Scientist,ionic,9
Data Scientist,nuix,9
Data Scientist,objective-c,9
Data Scientist,svelte,9
Data Scientist,homebrew,8
Data Scientist,mlpack,8
Data Scientist,symfony,8
Data Scientist,wrike,8
Data Scientist,chainer,7
Data Scientist,f#,6
Data Scientist,linode,6
Data Scientist,ocaml,6
Data Scientist,clickup,5
Data Scientist,xamarin,5
Data Scientist,huggingface,4
Data Scientist,fastify,3
Data Scientist,esquisse,2
Data Scientist,play framework,2
Data Scientist,workfront,2
Data Scientist,mattermost,1
Data Scientist,nuxt.js,1
Data Scientist,shogun,1
Data Scientist,sqlserver,1
Data Scientist,wimi,1
Machine Learning Engineer,python,9671
Machine Learning Engineer,pytorch,4384
Machine Learning Engineer,tensorflow,4299
Machine Learning Engineer,aws,3779
Machine Learning Engineer,sql,3485
Machine Learning Engineer,azure,2728
Machine Learning Engineer,spark,2712
Machine Learning Engineer,docker,2662
Machine Learning Engineer,java,2344
Machine Learning Engineer,kubernetes,2308
Machine Learning Engineer,scikit-learn,1998
Machine Learning Engineer,gcp,1689
Machine Learning Engineer,git,1614
Machine Learning Engineer,r,1570
Machine Learning Engineer,pandas,1569
Machine Learning Engineer,keras,1453
Machine Learning Engineer,numpy,1256
Machine Learning Engineer,hadoop,1193
Machine Learning Engineer,c++,1187
Machine Learning Engineer,airflow,1164
Machine Learning Engineer,scala,1128
Machine Learning Engineer,linux,1056
Machine Learning Engineer,go,935
Machine Learning Engineer,databricks,920
Machine Learning Engineer,kafka,885
Machine Learning Engineer,terraform,760
Machine Learning Engineer,nosql,743
Machine Learning Engineer,github,615
Machine Learning Engineer,excel,581
Machine Learning Engineer,jenkins,569
Machine Learning Engineer,flow,493
Machine Learning Engineer,pyspark,491
Machine Learning Engineer,mysql,446
Machine Learning Engineer,tableau,403
Machine Learning Engineer,javascript,397
Machine Learning Engineer,snowflake,382
Machine Learning Engineer,c,364
Machine Learning Engineer,matplotlib,356
Machine Learning Engineer,mongodb,330
Machine Learning Engineer,opencv,327
Machine Learning Engineer,bigquery,317
Machine Learning Engineer,jira,299
Machine Learning Engineer,jupyter,291
Machine Learning Engineer,shell,285
Machine Learning Engineer,c#,279
Machine Learning Engineer,postgresql,278
Machine Learning Engineer,bash,276
Machine Learning Engineer,gitlab,273
Machine Learning Engineer,flask,270
Machine Learning Engineer,word,270
Machine Learning Engineer,oracle,267
Machine Learning Engineer,elasticsearch,262
Machine Learning Engineer,power bi,257
Machine Learning Engineer,fastapi,239
Machine Learning Engineer,react,234
Machine Learning Engineer,redis,221
Machine Learning Engineer,redshift,220
Machine Learning Engineer,matlab,204
Machine Learning Engineer,sap,200
Machine Learning Engineer,ansible,192
Machine Learning Engineer,windows,185
Machine Learning Engineer,sas,183
Machine Learning Engineer,cassandra,182
Machine Learning Engineer,nltk,174
Machine Learning Engineer,unix,159
Machine Learning Engineer,django,147
Machine Learning Engineer,golang,144
Machine Learning Engineer,hugging face,142
Machine Learning Engineer,sql server,140
Machine Learning Engineer,mxnet,135
Machine Learning Engineer,confluence,127
Machine Learning Engineer,ruby,124
Machine Learning Engineer,dynamodb,122
Machine Learning Engineer,typescript,121
Machine Learning Engineer,express,112
Machine Learning Engineer,slack,112
Machine Learning Engineer,bitbucket,111
Machine Learning Engineer,html,111
Machine Learning Engineer,powerpoint,100
Machine Learning Engineer,spring,99
Machine Learning Engineer,angular,92
Machine Learning Engineer,seaborn,91
Machine Learning Engineer,gdpr,83
Machine Learning Engineer,theano,83
Machine Learning Engineer,css,76
Machine Learning Engineer,rust,73
Machine Learning Engineer,datarobot,72
Machine Learning Engineer,splunk,70
Machine Learning Engineer,ssis,70
Machine Learning Engineer,looker,68
Machine Learning Engineer,plotly,68
Machine Learning Engineer,powershell,67
Machine Learning Engineer,aurora,64
Machine Learning Engineer,perl,64
Machine Learning Engineer,alteryx,61
Machine Learning Engineer,assembly,61
Machine Learning Engineer,qlik,61
Machine Learning Engineer,no-sql,60
Machine Learning Engineer,php,60
Machine Learning Engineer,julia,58
Machine Learning Engineer,vba,58
Machine Learning Engineer,kotlin,56
Machine Learning Engineer,outlook,55
Machine Learning Engineer,swift,53
Machine Learning Engineer,selenium,51
Machine Learning Engineer,ubuntu,49
Machine Learning Engineer,node.js,48
Machine Learning Engineer,chef,46
Machine Learning Engineer,zoom,46
Machine Learning Engineer,atlassian,41
Machine Learning Engineer,neo4j,40
Machine Learning Engineer,mongo,39
Machine Learning Engineer,sheets,36
Machine Learning Engineer,ssrs,34
Machine Learning Engineer,unify,34
Machine Learning Engineer,graphql,33
Machine Learning Engineer,sharepoint,33
Machine Learning Engineer,unity,33
Machine Learning Engineer,vue,32
Machine Learning Engineer,node,30
Machine Learning Engineer,puppet,30
Machine Learning Engineer,unreal,30
Machine Learning Engineer,clojure,29
Machine Learning Engineer,watson,26
Machine Learning Engineer,ibm cloud,25
Machine Learning Engineer,t-sql,25
Machine Learning Engineer,dax,24
Machine Learning Engineer,spss,24
Machine Learning Engineer,terminal,24
Machine Learning Engineer,db2,22
Machine Learning Engineer,notion,22
Machine Learning Engineer,svn,22
Machine Learning Engineer,vmware,22
Machine Learning Engineer,wire,22
Machine Learning Engineer,jquery,21
Machine Learning Engineer,redhat,21
Machine Learning Engineer,visio,19
Machine Learning Engineer,asp.net,17
Machine Learning Engineer,firebase,17
Machine Learning Engineer,yarn,16
Machine Learning Engineer,haskell,15
Machine Learning Engineer,centos,14
Machine Learning Engineer,couchbase,14
Machine Learning Engineer,macos,14
Machine Learning Engineer,mariadb,14
Machine Learning Engineer,dlib,13
Machine Learning Engineer,phoenix,13
Machine Learning Engineer,ruby on rails,13
Machine Learning Engineer,trello,13
Machine Learning Engineer,vue.js,13
Machine Learning Engineer,groovy,12
Machine Learning Engineer,microstrategy,12
Machine Learning Engineer,openstack,12
Machine Learning Engineer,pulumi,12
Machine Learning Engineer,suse,12
Machine Learning Engineer,tidyverse,12
Machine Learning Engineer,visual basic,12
Machine Learning Engineer,lua,10
Machine Learning Engineer,f#,9
Machine Learning Engineer,fortran,9
Machine Learning Engineer,spreadsheet,9
Machine Learning Engineer,microsoft teams,8
Machine Learning Engineer,npm,8
Machine Learning Engineer,rshiny,8
Machine Learning Engineer,cognos,7
Machine Learning Engineer,electron,7
Machine Learning Engineer,flutter,7
Machine Learning Engineer,ms access,7
Machine Learning Engineer,planner,7
Machine Learning Engineer,react.js,7
Machine Learning Engineer,vb.net,7
Machine Learning Engineer,codecommit,6
Machine Learning Engineer,crystal,6
Machine Learning Engineer,debian,6
Machine Learning Engineer,digitalocean,6
Machine Learning Engineer,elixir,6
Machine Learning Engineer,erlang,6
Machine Learning Engineer,ggplot2,6
Machine Learning Engineer,ionic,6
Machine Learning Engineer,next.js,6
Machine Learning Engineer,airtable,5
Machine Learning Engineer,arch,5
Machine Learning Engineer,asana,5
Machine Learning Engineer,heroku,5
Machine Learning Engineer,laravel,5
Machine Learning Engineer,colocation,4
Machine Learning Engineer,dplyr,4
Machine Learning Engineer,drupal,4
Machine Learning Engineer,firestore,4
Machine Learning Engineer,solidity,4
Machine Learning Engineer,sqlite,4
Machine Learning Engineer,webex,4
Machine Learning Engineer,capacitor,3
Machine Learning Engineer,chainer,3
Machine Learning Engineer,homebrew,3
Machine Learning Engineer,lisp,3
Machine Learning Engineer,ocaml,3
Machine Learning Engineer,smartsheet,3
Machine Learning Engineer,twilio,3
Machine Learning Engineer,wsl,3
Machine Learning Engineer,apl,2
Machine Learning Engineer,cobol,2
Machine Learning Engineer,dart,2
Machine Learning Engineer,delphi,2
Machine Learning Engineer,objective-c,2
Machine Learning Engineer,pascal,2
Machine Learning Engineer,qt,2
Machine Learning Engineer,sass,2
Machine Learning Engineer,symphony,2
Machine Learning Engineer,angular.js,1
Machine Learning Engineer,asp.net core,1
Machine Learning Engineer,blazor,1
Machine Learning Engineer,clickup,1
Machine Learning Engineer,gatsby,1
Machine Learning Engineer,mlr,1
Machine Learning Engineer,monday.com,1
Machine Learning Engineer,nuix,1
Machine Learning Engineer,nuxt.js,1
Machine Learning Engineer,play framework,1
Machine Learning Engineer,powerbi,1
Machine Learning Engineer,tidyr,1
Machine Learning Engineer,xamarin,1
Senior Data Analyst,sql,17694
Senior Data Analyst,python,11044
Senior Data Analyst,tableau,9980
Senior Data Analyst,excel,8280
Senior Data Analyst,r,6231
Senior Data Analyst,power bi,6000
Senior Data Analyst,sas,2758
Senior Data Analyst,azure,2272
Senior Data Analyst,powerpoint,2146
Senior Data Analyst,aws,2126
Senior Data Analyst,looker,1981
Senior Data Analyst,snowflake,1981
Senior Data Analyst,oracle,1882
Senior Data Analyst,word,1747
Senior Data Analyst,sql server,1690
Senior Data Analyst,sap,1546
Senior Data Analyst,go,1508
Senior Data Analyst,flow,1432
Senior Data Analyst,spark,1368
Senior Data Analyst,alteryx,1186
Senior Data Analyst,jira,1030
Senior Data Analyst,qlik,1013
Senior Data Analyst,hadoop,1008
Senior Data Analyst,vba,925
Senior Data Analyst,databricks,916
Senior Data Analyst,bigquery,854
Senior Data Analyst,redshift,817
Senior Data Analyst,java,763
Senior Data Analyst,gcp,749
Senior Data Analyst,spss,695
Senior Data Analyst,git,679
Senior Data Analyst,ssis,652
Senior Data Analyst,sharepoint,632
Senior Data Analyst,airflow,596
Senior Data Analyst,javascript,573
Senior Data Analyst,ssrs,556
Senior Data Analyst,pandas,539
Senior Data Analyst,outlook,534
Senior Data Analyst,c,533
Senior Data Analyst,dax,528
Senior Data Analyst,mysql,502
Senior Data Analyst,scala,476
Senior Data Analyst,microstrategy,462
Senior Data Analyst,nosql,446
Senior Data Analyst,cognos,437
Senior Data Analyst,visio,419
Senior Data Analyst,confluence,382
Senior Data Analyst,pyspark,373
Senior Data Analyst,sheets,361
Senior Data Analyst,ms access,335
Senior Data Analyst,github,321
Senior Data Analyst,express,320
Senior Data Analyst,t-sql,317
Senior Data Analyst,postgresql,306
Senior Data Analyst,numpy,290
Senior Data Analyst,html,274
Senior Data Analyst,linux,268
Senior Data Analyst,jupyter,263
Senior Data Analyst,windows,261
Senior Data Analyst,gdpr,252
Senior Data Analyst,shell,252
Senior Data Analyst,unix,237
Senior Data Analyst,kafka,231
Senior Data Analyst,matlab,222
Senior Data Analyst,spreadsheet,212
Senior Data Analyst,mongodb,209
Senior Data Analyst,tensorflow,188
Senior Data Analyst,c#,185
Senior Data Analyst,crystal,177
Senior Data Analyst,scikit-learn,177
Senior Data Analyst,docker,173
Senior Data Analyst,c++,171
Senior Data Analyst,matplotlib,159
Senior Data Analyst,css,157
Senior Data Analyst,react,157
Senior Data Analyst,db2,148
Senior Data Analyst,splunk,142
Senior Data Analyst,kubernetes,137
Senior Data Analyst,visual basic,131
Senior Data Analyst,slack,127
Senior Data Analyst,plotly,125
Senior Data Analyst,pytorch,121
Senior Data Analyst,perl,103
Senior Data Analyst,phoenix,95
Senior Data Analyst,atlassian,94
Senior Data Analyst,firebase,94
Senior Data Analyst,bash,90
Senior Data Analyst,zoom,86
Senior Data Analyst,swift,85
Senior Data Analyst,notion,84
Senior Data Analyst,jenkins,82
Senior Data Analyst,gitlab,77
Senior Data Analyst,seaborn,77
Senior Data Analyst,bitbucket,76
Senior Data Analyst,elasticsearch,76
Senior Data Analyst,mongo,75
Senior Data Analyst,php,74
Senior Data Analyst,keras,73
Senior Data Analyst,cassandra,71
Senior Data Analyst,powershell,71
Senior Data Analyst,unify,71
Senior Data Analyst,assembly,66
Senior Data Analyst,terraform,65
Senior Data Analyst,vue,62
Senior Data Analyst,node.js,57
Senior Data Analyst,angular,53
Senior Data Analyst,neo4j,53
Senior Data Analyst,ruby,53
Senior Data Analyst,spring,53
Senior Data Analyst,unity,51
Senior Data Analyst,jquery,50
Senior Data Analyst,planner,50
Senior Data Analyst,watson,47
Senior Data Analyst,flask,46
Senior Data Analyst,npm,46
Senior Data Analyst,terminal,41
Senior Data Analyst,dynamodb,40
Senior Data Analyst,chef,38
Senior Data Analyst,smartsheet,38
Senior Data Analyst,vmware,36
Senior Data Analyst,microsoft teams,34
Senior Data Analyst,ansible,30
Senior Data Analyst,asana,30
Senior Data Analyst,asp.net,29
Senior Data Analyst,cobol,29
Senior Data Analyst,selenium,27
Senior Data Analyst,julia,25
Senior Data Analyst,dplyr,24
Senior Data Analyst,rshiny,24
Senior Data Analyst,trello,23
Senior Data Analyst,twilio,23
Senior Data Analyst,aurora,22
Senior Data Analyst,datarobot,22
Senior Data Analyst,node,22
Senior Data Analyst,workfront,22
Senior Data Analyst,no-sql,21
Senior Data Analyst,redis,20
Senior Data Analyst,wire,20
Senior Data Analyst,django,19
Senior Data Analyst,ggplot2,18
Senior Data Analyst,puppet,18
Senior Data Analyst,macos,16
Senior Data Analyst,typescript,16
Senior Data Analyst,vb.net,16
Senior Data Analyst,mariadb,15
Senior Data Analyst,golang,13
Senior Data Analyst,ibm cloud,13
Senior Data Analyst,mxnet,13
Senior Data Analyst,tidyverse,12
Senior Data Analyst,clickup,11
Senior Data Analyst,powerbi,11
Senior Data Analyst,sqlite,11
Senior Data Analyst,symphony,11
Senior Data Analyst,airtable,10
Senior Data Analyst,opencv,10
Senior Data Analyst,webex,10
Senior Data Analyst,wrike,10
Senior Data Analyst,ringcentral,9
Senior Data Analyst,sass,9
Senior Data Analyst,groovy,8
Senior Data Analyst,nltk,8
Senior Data Analyst,nuix,7
Senior Data Analyst,rust,7
Senior Data Analyst,solidity,7
Senior Data Analyst,yarn,7
Senior Data Analyst,cordova,6
Senior Data Analyst,dart,6
Senior Data Analyst,flutter,6
Senior Data Analyst,graphql,6
Senior Data Analyst,arch,5
Senior Data Analyst,codecommit,5
Senior Data Analyst,google chat,5
Senior Data Analyst,kotlin,5
Senior Data Analyst,next.js,5
Senior Data Analyst,qt,5
Senior Data Analyst,couchbase,4
Senior Data Analyst,monday.com,4
Senior Data Analyst,openstack,4
Senior Data Analyst,delphi,3
Senior Data Analyst,digitalocean,3
Senior Data Analyst,fastapi,3
Senior Data Analyst,firestore,3
Senior Data Analyst,react.js,3
Senior Data Analyst,redhat,3
Senior Data Analyst,svn,3
Senior Data Analyst,tidyr,3
Senior Data Analyst,colocation,2
Senior Data Analyst,electron,2
Senior Data Analyst,fortran,2
Senior Data Analyst,hugging face,2
Senior Data Analyst,mattermost,2
Senior Data Analyst,ruby on rails,2
Senior Data Analyst,ubuntu,2
Senior Data Analyst,vue.js,2
Senior Data Analyst,apl,1
Senior Data Analyst,centos,1
Senior Data Analyst,couchdb,1
Senior Data Analyst,drupal,1
Senior Data Analyst,elixir,1
Senior Data Analyst,heroku,1
Senior Data Analyst,laravel,1
Senior Data Analyst,linode,1
Senior Data Analyst,pascal,1
Senior Data Analyst,sqlserver,1
Senior Data Analyst,symfony,1
Senior Data Analyst,theano,1
Senior Data Analyst,wsl,1
Senior Data Engineer,python,28854
Senior Data Engineer,sql,28570
Senior Data Engineer,aws,19311
Senior Data Engineer,azure,16160
Senior Data Engineer,spark,16034
Senior Data Engineer,java,10119
Senior Data Engineer,kafka,9672
Senior Data Engineer,snowflake,9096
Senior Data Engineer,airflow,8684
Senior Data Engineer,scala,8612
Senior Data Engineer,hadoop,7821
Senior Data Engineer,databricks,7802
Senior Data Engineer,nosql,6929
Senior Data Engineer,redshift,6706
Senior Data Engineer,gcp,6279
Senior Data Engineer,kubernetes,4940
Senior Data Engineer,tableau,4690
Senior Data Engineer,git,4634
Senior Data Engineer,docker,4619
Senior Data Engineer,pyspark,4163
Senior Data Engineer,power bi,4144
Senior Data Engineer,sql server,4130
Senior Data Engineer,oracle,4039
Senior Data Engineer,terraform,3587
Senior Data Engineer,mysql,3330
Senior Data Engineer,bigquery,3210
Senior Data Engineer,shell,2932
Senior Data Engineer,go,2844
Senior Data Engineer,flow,2681
Senior Data Engineer,postgresql,2568
Senior Data Engineer,linux,2558
Senior Data Engineer,r,2503
Senior Data Engineer,cassandra,2425
Senior Data Engineer,ssis,2375
Senior Data Engineer,mongodb,2307
Senior Data Engineer,jenkins,2289
Senior Data Engineer,github,2280
Senior Data Engineer,jira,1874
Senior Data Engineer,c#,1488
Senior Data Engineer,looker,1468
Senior Data Engineer,excel,1467
Senior Data Engineer,pandas,1465
Senior Data Engineer,dynamodb,1374
Senior Data Engineer,elasticsearch,1284
Senior Data Engineer,javascript,1266
Senior Data Engineer,t-sql,1146
Senior Data Engineer,mongo,1126
Senior Data Engineer,unix,1124
Senior Data Engineer,sap,1110
Senior Data Engineer,gitlab,1010
Senior Data Engineer,bash,994
Senior Data Engineer,c++,926
Senior Data Engineer,confluence,892
Senior Data Engineer,ansible,876
Senior Data Engineer,redis,824
Senior Data Engineer,powershell,794
Senior Data Engineer,windows,765
Senior Data Engineer,sas,762
Senior Data Engineer,qlik,747
Senior Data Engineer,ssrs,715
Senior Data Engineer,numpy,689
Senior Data Engineer,c,685
Senior Data Engineer,gdpr,645
Senior Data Engineer,tensorflow,611
Senior Data Engineer,react,597
Senior Data Engineer,aurora,592
Senior Data Engineer,word,566
Senior Data Engineer,dax,560
Senior Data Engineer,golang,539
Senior Data Engineer,jupyter,535
Senior Data Engineer,bitbucket,532
Senior Data Engineer,spring,521
Senior Data Engineer,db2,478
Senior Data Engineer,alteryx,466
Senior Data Engineer,typescript,433
Senior Data Engineer,express,432
Senior Data Engineer,no-sql,411
Senior Data Engineer,pytorch,405
Senior Data Engineer,neo4j,366
Senior Data Engineer,splunk,337
Senior Data Engineer,flask,330
Senior Data Engineer,ruby,329
Senior Data Engineer,graphql,323
Senior Data Engineer,perl,317
Senior Data Engineer,scikit-learn,314
Senior Data Engineer,yarn,313
Senior Data Engineer,angular,303
Senior Data Engineer,kotlin,286
Senior Data Engineer,html,285
Senior Data Engineer,chef,279
Senior Data Engineer,microstrategy,274
Senior Data Engineer,node.js,269
Senior Data Engineer,cognos,268
Senior Data Engineer,rust,259
Senior Data Engineer,django,250
Senior Data Engineer,slack,246
Senior Data Engineer,css,242
Senior Data Engineer,atlassian,219
Senior Data Engineer,keras,219
Senior Data Engineer,puppet,216
Senior Data Engineer,fastapi,198
Senior Data Engineer,powerpoint,195
Senior Data Engineer,sharepoint,174
Senior Data Engineer,unity,174
Senior Data Engineer,vmware,168
Senior Data Engineer,php,166
Senior Data Engineer,selenium,164
Senior Data Engineer,node,147
Senior Data Engineer,unify,140
Senior Data Engineer,matlab,134
Senior Data Engineer,visio,132
Senior Data Engineer,matplotlib,130
Senior Data Engineer,outlook,126
Senior Data Engineer,zoom,122
Senior Data Engineer,mariadb,121
Senior Data Engineer,svn,119
Senior Data Engineer,notion,110
Senior Data Engineer,swift,105
Senior Data Engineer,vue,96
Senior Data Engineer,pulumi,87
Senior Data Engineer,phoenix,83
Senior Data Engineer,asp.net,81
Senior Data Engineer,groovy,77
Senior Data Engineer,crystal,75
Senior Data Engineer,vba,75
Senior Data Engineer,assembly,74
Senior Data Engineer,redhat,69
Senior Data Engineer,seaborn,68
Senior Data Engineer,spss,67
Senior Data Engineer,terminal,67
Senior Data Engineer,couchbase,66
Senior Data Engineer,ubuntu,63
Senior Data Engineer,ibm cloud,58
Senior Data Engineer,plotly,56
Senior Data Engineer,firestore,55
Senior Data Engineer,jquery,51
Senior Data Engineer,openstack,46
Senior Data Engineer,react.js,45
Senior Data Engineer,julia,44
Senior Data Engineer,firebase,42
Senior Data Engineer,ruby on rails,42
Senior Data Engineer,sheets,42
Senior Data Engineer,vue.js,42
Senior Data Engineer,trello,38
Senior Data Engineer,couchdb,37
Senior Data Engineer,colocation,34
Senior Data Engineer,wire,34
Senior Data Engineer,opencv,33
Senior Data Engineer,centos,32
Senior Data Engineer,visual basic,32
Senior Data Engineer,codecommit,31
Senior Data Engineer,planner,31
Senior Data Engineer,asana,30
Senior Data Engineer,macos,30
Senior Data Engineer,clojure,29
Senior Data Engineer,flutter,29
Senior Data Engineer,sqlite,28
Senior Data Engineer,vb.net,28
Senior Data Engineer,mxnet,26
Senior Data Engineer,haskell,24
Senior Data Engineer,spreadsheet,24
Senior Data Engineer,asp.net core,23
Senior Data Engineer,f#,23
Senior Data Engineer,heroku,23
Senior Data Engineer,next.js,23
Senior Data Engineer,cobol,22
Senior Data Engineer,microsoft teams,22
Senior Data Engineer,nltk,22
Senior Data Engineer,sass,22
Senior Data Engineer,erlang,21
Senior Data Engineer,airtable,20
Senior Data Engineer,symphony,20
Senior Data Engineer,angular.js,19
Senior Data Engineer,dart,19
Senior Data Engineer,ms access,18
Senior Data Engineer,unreal,18
Senior Data Engineer,arch,17
Senior Data Engineer,elixir,17
Senior Data Engineer,drupal,16
Senior Data Engineer,delphi,15
Senior Data Engineer,lua,15
Senior Data Engineer,npm,13
Senior Data Engineer,twilio,13
Senior Data Engineer,watson,13
Senior Data Engineer,rshiny,12
Senior Data Engineer,clickup,11
Senior Data Engineer,hugging face,11
Senior Data Engineer,laravel,11
Senior Data Engineer,debian,10
Senior Data Engineer,mattermost,10
Senior Data Engineer,ringcentral,10
Senior Data Engineer,smartsheet,10
Senior Data Engineer,dplyr,9
Senior Data Engineer,ovh,9
Senior Data Engineer,tidyverse,9
Senior Data Engineer,ggplot2,8
Senior Data Engineer,solidity,8
Senior Data Engineer,datarobot,7
Senior Data Engineer,theano,7
Senior Data Engineer,digitalocean,6
Senior Data Engineer,gatsby,6
Senior Data Engineer,lisp,6
Senior Data Engineer,powerbi,6
Senior Data Engineer,suse,6
Senior Data Engineer,play framework,5
Senior Data Engineer,sqlserver,5
Senior Data Engineer,svelte,4
Senior Data Engineer,capacitor,3
Senior Data Engineer,linode,3
Senior Data Engineer,nuxt.js,3
Senior Data Engineer,qt,3
Senior Data Engineer,xamarin,3
Senior Data Engineer,apl,2
Senior Data Engineer,blazor,2
Senior Data Engineer,electron,2
Senior Data Engineer,fortran,2
Senior Data Engineer,google chat,2
Senior Data Engineer,ionic,2
Senior Data Engineer,monday.com,2
Senior Data Engineer,nuix,2
Senior Data Engineer,objective-c,2
Senior Data Engineer,webex,2
Senior Data Engineer,wsl,2
Senior Data Engineer,cordova,1
Senior Data Engineer,ocaml,1
Senior Data Engineer,symfony,1
Senior Data Scientist,python,25901
Senior Data Scientist,sql,18600
Senior Data Scientist,r,12717
Senior Data Scientist,aws,7446
Senior Data Scientist,spark,6613
Senior Data Scientist,tableau,5940
Senior Data Scientist,azure,5515
Senior Data Scientist,tensorflow,5043
Senior Data Scientist,pytorch,4372
Senior Data Scientist,pandas,3601
Senior Data Scientist,hadoop,3519
Senior Data Scientist,excel,3273
Senior Data Scientist,scikit-learn,3230
Senior Data Scientist,sas,3130
Senior Data Scientist,java,3126
Senior Data Scientist,git,2953
Senior Data Scientist,scala,2843
Senior Data Scientist,power bi,2779
Senior Data Scientist,gcp,2609
Senior Data Scientist,numpy,2503
Senior Data Scientist,databricks,2263
Senior Data Scientist,go,2094
Senior Data Scientist,docker,2003
Senior Data Scientist,snowflake,1889
Senior Data Scientist,keras,1870
Senior Data Scientist,pyspark,1839
Senior Data Scientist,nosql,1686
Senior Data Scientist,airflow,1402
Senior Data Scientist,kubernetes,1326
Senior Data Scientist,looker,1316
Senior Data Scientist,c++,1276
Senior Data Scientist,flow,1266
Senior Data Scientist,matplotlib,1171
Senior Data Scientist,oracle,1157
Senior Data Scientist,linux,1109
Senior Data Scientist,matlab,1085
Senior Data Scientist,bigquery,1065
Senior Data Scientist,word,984
Senior Data Scientist,github,966
Senior Data Scientist,jupyter,963
Senior Data Scientist,powerpoint,945
Senior Data Scientist,redshift,880
Senior Data Scientist,kafka,873
Senior Data Scientist,sql server,865
Senior Data Scientist,c,841
Senior Data Scientist,javascript,789
Senior Data Scientist,mysql,726
Senior Data Scientist,sap,718
Senior Data Scientist,jira,716
Senior Data Scientist,qlik,656
Senior Data Scientist,mongodb,580
Senior Data Scientist,plotly,573
Senior Data Scientist,spss,543
Senior Data Scientist,postgresql,535
Senior Data Scientist,windows,523
Senior Data Scientist,c#,503
Senior Data Scientist,seaborn,483
Senior Data Scientist,jenkins,471
Senior Data Scientist,express,433
Senior Data Scientist,alteryx,430
Senior Data Scientist,nltk,426
Senior Data Scientist,elasticsearch,382
Senior Data Scientist,shell,380
Senior Data Scientist,flask,326
Senior Data Scientist,confluence,323
Senior Data Scientist,opencv,311
Senior Data Scientist,gitlab,299
Senior Data Scientist,bash,289
Senior Data Scientist,unix,288
Senior Data Scientist,outlook,265
Senior Data Scientist,julia,264
Senior Data Scientist,gdpr,260
Senior Data Scientist,cassandra,250
Senior Data Scientist,hugging face,242
Senior Data Scientist,ssis,234
Senior Data Scientist,terraform,230
Senior Data Scientist,vba,224
Senior Data Scientist,splunk,220
Senior Data Scientist,html,217
Senior Data Scientist,neo4j,213
Senior Data Scientist,mxnet,204
Senior Data Scientist,react,204
Senior Data Scientist,ggplot2,194
Senior Data Scientist,redis,174
Senior Data Scientist,microstrategy,166
Senior Data Scientist,dax,165
Senior Data Scientist,spring,164
Senior Data Scientist,theano,162
Senior Data Scientist,bitbucket,157
Senior Data Scientist,django,148
Senior Data Scientist,ssrs,148
Senior Data Scientist,perl,147
Senior Data Scientist,fastapi,143
Senior Data Scientist,t-sql,137
Senior Data Scientist,css,135
Senior Data Scientist,golang,132
Senior Data Scientist,no-sql,129
Senior Data Scientist,sharepoint,127
Senior Data Scientist,atlassian,123
Senior Data Scientist,slack,113
Senior Data Scientist,ruby,107
Senior Data Scientist,cognos,104
Senior Data Scientist,angular,101
Senior Data Scientist,chef,99
Senior Data Scientist,dynamodb,92
Senior Data Scientist,tidyverse,91
Senior Data Scientist,visual basic,90
Senior Data Scientist,vue,88
Senior Data Scientist,db2,85
Senior Data Scientist,dplyr,83
Senior Data Scientist,notion,83
Senior Data Scientist,swift,82
Senior Data Scientist,watson,80
Senior Data Scientist,zoom,79
Senior Data Scientist,rust,76
Senior Data Scientist,terminal,76
Senior Data Scientist,php,75
Senior Data Scientist,rshiny,75
Senior Data Scientist,sheets,75
Senior Data Scientist,spreadsheet,75
Senior Data Scientist,ibm cloud,74
Senior Data Scientist,datarobot,71
Senior Data Scientist,phoenix,71
Senior Data Scientist,visio,70
Senior Data Scientist,unity,69
Senior Data Scientist,powershell,65
Senior Data Scientist,jquery,64
Senior Data Scientist,mongo,63
Senior Data Scientist,ansible,62
Senior Data Scientist,svn,62
Senior Data Scientist,yarn,61
Senior Data Scientist,aurora,55
Senior Data Scientist,selenium,54
Senior Data Scientist,node,51
Senior Data Scientist,typescript,50
Senior Data Scientist,crystal,49
Senior Data Scientist,kotlin,48
Senior Data Scientist,assembly,47
Senior Data Scientist,node.js,46
Senior Data Scientist,ms access,45
Senior Data Scientist,unify,40
Senior Data Scientist,vmware,39
Senior Data Scientist,macos,38
Senior Data Scientist,graphql,37
Senior Data Scientist,twilio,36
Senior Data Scientist,symphony,32
Senior Data Scientist,sqlite,31
Senior Data Scientist,planner,30
Senior Data Scientist,fortran,27
Senior Data Scientist,arch,24
Senior Data Scientist,ubuntu,24
Senior Data Scientist,centos,22
Senior Data Scientist,firebase,22
Senior Data Scientist,codecommit,21
Senior Data Scientist,unreal,20
Senior Data Scientist,electron,19
Senior Data Scientist,openstack,19
Senior Data Scientist,solidity,18
Senior Data Scientist,tidyr,18
Senior Data Scientist,groovy,17
Senior Data Scientist,mlr,17
Senior Data Scientist,digitalocean,16
Senior Data Scientist,trello,16
Senior Data Scientist,flutter,15
Senior Data Scientist,wsl,14
Senior Data Scientist,fedora,13
Senior Data Scientist,clickup,12
Senior Data Scientist,microsoft teams,12
Senior Data Scientist,asana,11
Senior Data Scientist,asp.net,11
Senior Data Scientist,couchbase,11
Senior Data Scientist,haskell,11
Senior Data Scientist,npm,11
Senior Data Scientist,airtable,10
Senior Data Scientist,cordova,10
Senior Data Scientist,redhat,10
Senior Data Scientist,ringcentral,10
Senior Data Scientist,vb.net,9
Senior Data Scientist,couchdb,7
Senior Data Scientist,drupal,7
Senior Data Scientist,monday.com,7
Senior Data Scientist,puppet,7
Senior Data Scientist,react.js,7
Senior Data Scientist,ruby on rails,7
Senior Data Scientist,wire,7
Senior Data Scientist,mariadb,6
Senior Data Scientist,powerbi,6
Senior Data Scientist,sass,6
Senior Data Scientist,vue.js,6
Senior Data Scientist,apl,5
Senior Data Scientist,clojure,5
Senior Data Scientist,dart,5
Senior Data Scientist,dlib,5
Senior Data Scientist,firestore,5
Senior Data Scientist,smartsheet,5
Senior Data Scientist,cobol,4
Senior Data Scientist,qt,4
Senior Data Scientist,lua,3
Senior Data Scientist,ovh,3
Senior Data Scientist,asp.net core,2
Senior Data Scientist,debian,2
Senior Data Scientist,elixir,2
Senior Data Scientist,ionic,2
Senior Data Scientist,laravel,2
Senior Data Scientist,mlpack,2
Senior Data Scientist,nuix,2
Senior Data Scientist,pulumi,2
Senior Data Scientist,sqlserver,2
Senior Data Scientist,delphi,1
Senior Data Scientist,kali,1
Senior Data Scientist,objective-c,1
Senior Data Scientist,shogun,1
Senior Data Scientist,symfony,1
Senior Data Scientist,webex,1
Senior Data Scientist,wrike,1
Software Engineer,python,15228
Software Engineer,sql,12315
Software Engineer,aws,10427
Software Engineer,java,9835
Software Engineer,azure,7092
Software Engineer,kubernetes,6605
Software Engineer,docker,6292
Software Engineer,linux,5527
Software Engineer,javascript,5010
Software Engineer,git,4641
Software Engineer,go,3923
Software Engineer,kafka,3653
Software Engineer,react,3532
Software Engineer,spark,3499
Software Engineer,gcp,3283
Software Engineer,c#,3130
Software Engineer,c++,3070
Software Engineer,terraform,2900
Software Engineer,jenkins,2863
Software Engineer,oracle,2857
Software Engineer,nosql,2681
Software Engineer,windows,2654
Software Engineer,excel,2613
Software Engineer,typescript,2593
Software Engineer,mysql,2511
Software Engineer,postgresql,2378
Software Engineer,scala,2289
Software Engineer,github,2154
Software Engineer,jira,2044
Software Engineer,spring,2040
Software Engineer,angular,2009
Software Engineer,sql server,1908
Software Engineer,mongodb,1837
Software Engineer,hadoop,1806
Software Engineer,tableau,1793
Software Engineer,ansible,1776
Software Engineer,c,1708
Software Engineer,html,1704
Software Engineer,css,1700
Software Engineer,flow,1692
Software Engineer,snowflake,1529
Software Engineer,shell,1517
Software Engineer,redis,1451
Software Engineer,bash,1422
Software Engineer,power bi,1408
Software Engineer,airflow,1395
Software Engineer,golang,1377
Software Engineer,gitlab,1339
Software Engineer,elasticsearch,1327
Software Engineer,r,1245
Software Engineer,ruby,1139
Software Engineer,unix,1129
Software Engineer,databricks,1127
Software Engineer,node.js,1097
Software Engineer,sap,1088
Software Engineer,confluence,1001
Software Engineer,powershell,988
Software Engineer,django,979
Software Engineer,php,965
Software Engineer,kotlin,925
Software Engineer,word,896
Software Engineer,graphql,894
Software Engineer,vmware,834
Software Engineer,bigquery,813
Software Engineer,redshift,804
Software Engineer,dynamodb,736
Software Engineer,cassandra,714
Software Engineer,pandas,711
Software Engineer,flask,675
Software Engineer,splunk,670
Software Engineer,express,656
Software Engineer,tensorflow,644
Software Engineer,perl,617
Software Engineer,node,612
Software Engineer,bitbucket,582
Software Engineer,pytorch,543
Software Engineer,rust,530
Software Engineer,selenium,523
Software Engineer,ssis,511
Software Engineer,powerpoint,501
Software Engineer,puppet,485
Software Engineer,pyspark,485
Software Engineer,ubuntu,466
Software Engineer,sas,465
Software Engineer,chef,462
Software Engineer,vue,458
Software Engineer,jquery,455
Software Engineer,asp.net,451
Software Engineer,numpy,432
Software Engineer,sharepoint,424
Software Engineer,slack,423
Software Engineer,swift,417
Software Engineer,looker,406
Software Engineer,outlook,377
Software Engineer,fastapi,371
Software Engineer,atlassian,350
Software Engineer,gdpr,344
Software Engineer,matlab,342
Software Engineer,react.js,323
Software Engineer,t-sql,323
Software Engineer,ruby on rails,319
Software Engineer,mongo,295
Software Engineer,openstack,283
Software Engineer,groovy,275
Software Engineer,ssrs,273
Software Engineer,vue.js,266
Software Engineer,qlik,264
Software Engineer,dax,262
Software Engineer,scikit-learn,255
Software Engineer,assembly,242
Software Engineer,db2,234
Software Engineer,zoom,228
Software Engineer,jupyter,222
Software Engineer,aurora,217
Software Engineer,svn,206
Software Engineer,redhat,205
Software Engineer,sheets,194
Software Engineer,neo4j,190
Software Engineer,no-sql,187
Software Engineer,macos,185
Software Engineer,keras,179
Software Engineer,npm,179
Software Engineer,sass,178
Software Engineer,vba,176
Software Engineer,laravel,175
Software Engineer,unity,167
Software Engineer,visio,167
Software Engineer,centos,164
Software Engineer,mariadb,162
Software Engineer,flutter,161
Software Engineer,debian,157
Software Engineer,unify,152
Software Engineer,yarn,144
Software Engineer,notion,137
Software Engineer,terminal,134
Software Engineer,pulumi,131
Software Engineer,matplotlib,125
Software Engineer,elixir,117
Software Engineer,firebase,116
Software Engineer,alteryx,115
Software Engineer,opencv,114
Software Engineer,next.js,113
Software Engineer,microstrategy,112
Software Engineer,cognos,109
Software Engineer,asp.net core,106
Software Engineer,vb.net,90
Software Engineer,objective-c,88
Software Engineer,qt,86
Software Engineer,heroku,83
Software Engineer,crystal,78
Software Engineer,solidity,77
Software Engineer,symfony,75
Software Engineer,visual basic,73
Software Engineer,clojure,70
Software Engineer,haskell,69
Software Engineer,couchbase,68
Software Engineer,unreal,68
Software Engineer,microsoft teams,66
Software Engineer,phoenix,63
Software Engineer,ibm cloud,62
Software Engineer,spreadsheet,61
Software Engineer,plotly,60
Software Engineer,sqlite,60
Software Engineer,ionic,58
Software Engineer,cobol,57
Software Engineer,svelte,55
Software Engineer,spss,54
Software Engineer,ms access,52
Software Engineer,twilio,51
Software Engineer,asana,50
Software Engineer,julia,49
Software Engineer,lua,49
Software Engineer,erlang,47
Software Engineer,datarobot,45
Software Engineer,electron,44
Software Engineer,wire,42
Software Engineer,suse,39
Software Engineer,nltk,38
Software Engineer,planner,38
Software Engineer,dart,37
Software Engineer,trello,37
Software Engineer,drupal,36
Software Engineer,xamarin,35
Software Engineer,couchdb,32
Software Engineer,angular.js,30
Software Engineer,f#,29
Software Engineer,blazor,28
Software Engineer,fortran,28
Software Engineer,play framework,28
Software Engineer,cordova,27
Software Engineer,firestore,27
Software Engineer,mxnet,24
Software Engineer,arch,23
Software Engineer,seaborn,23
Software Engineer,delphi,20
Software Engineer,monday.com,20
Software Engineer,fastify,19
Software Engineer,watson,19
Software Engineer,ocaml,17
Software Engineer,webex,17
Software Engineer,colocation,16
Software Engineer,smartsheet,15
Software Engineer,fedora,14
Software Engineer,symphony,13
Software Engineer,wsl,13
Software Engineer,digitalocean,12
Software Engineer,hugging face,12
Software Engineer,ovh,12
Software Engineer,airtable,11
Software Engineer,codecommit,11
Software Engineer,tidyverse,10
Software Engineer,apl,9
Software Engineer,ember.js,9
Software Engineer,linode,9
Software Engineer,clickup,8
Software Engineer,dplyr,8
Software Engineer,lisp,8
Software Engineer,powerbi,8
Software Engineer,rshiny,8
Software Engineer,theano,8
Software Engineer,gatsby,7
Software Engineer,nuxt.js,6
Software Engineer,ringcentral,6
Software Engineer,workfront,6
Software Engineer,capacitor,4
Software Engineer,ggplot2,4
Software Engineer,kali,4
Software Engineer,pascal,4
Software Engineer,wrike,4
Software Engineer,sqlserver,3
Software Engineer,tidyr,3
Software Engineer,deno,2
Software Engineer,mattermost,2
Software Engineer,asp.netcore,1
Software Engineer,dlib,1
Software Engineer,rocketchat,1
Software Engineer,rubyon rails,1
Software Engineer,shogun,1
Software Engineer,visualbasic,1
